,precision,recall,f1-score,support
0,0.9648711943793911,0.9903846153846154,0.9774614472123369,416.0
1,0.9877300613496932,0.9554896142433235,0.971342383107089,337.0
accuracy,0.9747675962815405,0.9747675962815405,0.9747675962815405,0.9747675962815405
macro avg,0.9763006278645421,0.9729371148139694,0.974401915159713,753.0
weighted avg,0.9751015239530854,0.9747675962815405,0.9747229019222061,753.0
